<?xml version="1.0" encoding="UTF-8"?>
<project-private xmlns="http://www.netbeans.org/ns/project-private/1">
    <editor-bookmarks xmlns="http://www.netbeans.org/ns/editor-bookmarks/2" lastBookmarkId="0"/>
    <open-files xmlns="http://www.netbeans.org/ns/projectui-open-files/2">
        <group>
            <file>file:/C:/Users/samas/Downloads/EduNexus-master%20(1)/EduNexus-master/src/login/application/Studentinformation.java</file>
            <file>file:/C:/Users/samas/Downloads/EduNexus-master%20(1)/EduNexus-master/src/login/application/Gpa_Sheet_Term_Instructor.java</file>
            <file>file:/C:/Users/samas/Downloads/EduNexus-master%20(1)/EduNexus-master/src/login/application/Gpa_Sheet_Term_Student.java</file>
            <file>file:/C:/Users/samas/Downloads/EduNexus-master%20(1)/EduNexus-master/src/login/application/Gpa_Sheet_Term_StudentFrame.java</file>
            <file>file:/C:/Users/samas/Downloads/EduNexus-master%20(1)/EduNexus-master/src/login/application/GradeEntry.java</file>
            <file>file:/C:/Users/samas/Downloads/EduNexus-master%20(1)/EduNexus-master/src/login/application/Login.java</file>
            <file>file:/C:/Users/samas/Downloads/EduNexus-master%20(1)/EduNexus-master/src/login/application/LoginApplication.java</file>
            <file>file:/C:/Users/samas/Downloads/EduNexus-master%20(1)/EduNexus-master/src/login/application/Register.java</file>
            <file>file:/C:/Users/samas/Downloads/EduNexus-master%20(1)/EduNexus-master/src/login/application/StudentRegister.java</file>
            <file>file:/C:/Users/samas/Downloads/EduNexus-master%20(1)/EduNexus-master/src/login/application/TestDB.java</file>
            <file>file:/C:/Users/samas/Downloads/EduNexus-master%20(1)/EduNexus-master/src/login/application/Tocken.java</file>
            <file>file:/C:/Users/samas/Downloads/EduNexus-master%20(1)/EduNexus-master/src/login/application/gpaTable.java</file>
            <file>file:/C:/Users/samas/Downloads/EduNexus-master%20(1)/EduNexus-master/src/login/application/jComboBox1.java</file>
            <file>file:/C:/Users/samas/Downloads/EduNexus-master%20(1)/EduNexus-master/src/login/application/mainFrameInstructor.java</file>
            <file>file:/C:/Users/samas/Downloads/EduNexus-master%20(1)/EduNexus-master/src/login/application/mainFrameStudent.java</file>
        </group>
    </open-files>
</project-private>
